FG,2P,3P,eFG,FT,TS,FTr,3PAr,FG+,2P+,3P+,eFG+,FT+,TS+,FTr+,3PAr+,FG Add,TS Add
.592,.594,.333,.593,.582,.604,.420,.006,129,113,93,112,75,107,162,2,61.4,44.2
.557,.564,.143,.558,.691,.598,.483,.018,121,108,40,106,89,106,186,5,46.5,63.9
.493,.519,.389,.532,.827,.571,.241,.198,107,99,109,101,107,101,93,52,4.3,10.4
.500,.500,,.500,,.500,.000,.000,109,95,,95,,89,,,-0.1,-0.3
.368,.391,.346,.455,.676,.473,.139,.500,80,75,97,86,87,84,53,130,-39.3,-51.8
.466,.545,.404,.580,.867,.609,.179,.562,101,104,113,110,112,108,69,146,25.5,24.1
.649,.658,.000,.649,.633,.664,.581,.013,141,126,,123,82,118,223,3,112.2,115.6
.432,.500,.312,.489,.636,.512,.250,.364,94,95,87,92,82,91,96,95,-3.5,-5.2
.291,.320,.250,.343,.655,.395,.337,.419,63,61,70,65,85,70,130,109,-32.0,-33.5
.263,.444,.207,.342,.500,.352,.105,.763,57,85,58,65,65,62,40,199,-14.2,-16.9
.474,.541,.282,.511,.667,.534,.236,.257,103,103,79,97,86,95,91,67,-12.1,-22.6
.286,.500,.200,.357,,.357,.000,.714,62,95,56,68,,63,,186,-2.4,-2.9
.553,.631,.304,.589,.633,.613,.508,.237,120,120,85,111,82,109,195,62,149.6,146.2
1.000,1.000,,1.000,.500,.902,.667,.000,217,191,,189,65,160,256,,2.8,2.6
.500,.632,.000,.500,.412,.496,.354,.208,109,121,,95,53,88,136,54,-2.8,-7.7
.430,.448,.385,.485,.845,.525,.206,.289,93,86,108,92,109,93,79,75,-68.1,-68.2
.505,.583,.390,.584,.706,.600,.180,.403,110,111,109,110,91,106,69,105,62.4,43.0
.409,.439,.391,.532,.711,.551,.173,.627,89,84,109,101,92,98,66,163,1.3,-6.4
.438,.556,.372,.557,.838,.593,.228,.639,95,106,104,105,108,105,88,166,18.3,20.3
.388,.488,.352,.518,.778,.543,.164,.739,84,93,98,98,101,96,63,193,-3.5,-7.8
,,,,,,,,,,,,,,,,,
,,,,,,,,,,,,,,,,,
.491,.595,.400,.597,.872,.643,.296,.535,107,114,112,113,113,114,114,139,21.8,28.1
.399,.439,.348,.475,.889,.554,.393,.436,87,84,97,90,115,98,151,114,-49.6,-11.6
.546,.553,.231,.548,.753,.568,.157,.023,119,106,64,104,97,101,60,6,22.3,4.2
.348,.373,.284,.387,.660,.419,.217,.275,76,71,79,73,85,74,83,71,-69.1,-77.9
.467,.510,.182,.479,.806,.512,.186,.132,102,97,51,91,104,91,71,34,-16.6,-19.0
.403,.442,.375,.511,.566,.517,.111,.575,88,84,105,97,73,92,43,150,-24.6,-68.7
.462,.531,.346,.526,.674,.542,.161,.374,100,101,97,100,87,96,62,97,-1.5,-13.9
.411,.434,.377,.488,.909,.512,.106,.411,89,83,105,92,118,91,41,107,-16.9,-22.7
.460,.501,.381,.525,.801,.574,.337,.338,100,96,106,99,104,102,129,88,-6.7,17.7
.402,.432,.320,.445,.614,.479,.349,.271,87,82,89,84,79,85,134,71,-121.9,-144.3
.450,.498,.375,.523,.767,.549,.180,.390,98,95,105,99,99,97,69,102,-8.6,-25.6
.427,.504,.330,.500,.720,.539,.321,.440,93,96,92,95,93,96,123,115,-13.5,-13.6
.422,.500,.330,.498,.708,.535,.316,.456,92,95,92,94,92,95,121,119,-12.9,-14.0
.464,.526,.333,.518,.800,.571,.357,.321,101,100,93,98,104,101,137,84,-0.6,.4
.346,.438,.286,.432,.900,.463,.123,.605,75,84,80,82,116,82,47,158,-15.7,-17.5
.480,.582,.351,.558,.747,.581,.197,.441,104,111,98,105,97,103,76,115,22.0,13.4
.374,.400,.344,.453,.769,.499,.275,.457,81,76,96,86,99,88,106,119,-80.8,-79.2
.347,.368,.328,.433,.806,.475,.221,.524,75,70,91,82,104,84,85,137,-62.8,-64.0
.418,.437,.384,.486,.733,.533,.361,.351,91,83,107,92,95,94,139,91,-18.0,-15.2
.394,.432,.347,.472,.694,.497,.196,.445,86,82,97,89,90,88,75,116,-36.3,-46.8
,,,,,,,,,,,,,,,,,
,,,,,,,,,,,,,,,,,
.455,.515,.353,.520,.843,.579,.351,.369,99,98,99,98,109,102,135,96,-22.1,42.2
.425,.465,.388,.525,.818,.546,.124,.517,92,89,108,99,106,97,48,135,-3.8,-20.9
.389,.421,.360,.485,.868,.511,.126,.535,84,80,101,92,112,91,49,139,-26.4,-33.8
.472,.517,.426,.577,.750,.591,.120,.494,103,99,119,109,97,105,46,129,22.6,12.9
.392,.412,.376,.498,.828,.532,.185,.567,85,79,105,94,107,94,71,148,-19.1,-22.5
.522,.564,.333,.552,.613,.577,.463,.179,114,108,93,104,79,102,178,47,3.1,1.9
.533,.588,.222,.550,.586,.570,.483,.150,116,112,62,104,76,101,186,39,2.5,.8
.429,.250,.667,.571,1.000,.634,.286,.429,93,48,186,108,129,112,110,112,.6,1.1
.456,.546,.231,.489,.542,.500,.210,.285,99,104,64,92,70,88,81,74,-18.1,-32.4
.446,.531,.349,.527,.714,.545,.152,.467,97,101,97,100,92,97,58,122,-0.3,-3.9
.476,.500,.444,.571,.667,.582,.143,.429,103,95,124,108,86,103,55,112,1.8,.8
.437,.540,.324,.514,.727,.534,.155,.479,95,103,90,97,94,95,60,125,-2.1,-4.7
.434,.471,.424,.598,.853,.628,.200,.774,94,90,118,113,110,111,77,201,84.8,84.4
.431,.496,.388,.548,.660,.560,.138,.604,94,95,108,104,85,99,53,157,13.3,-3.5
.510,.514,.000,.510,.653,.566,.706,.007,111,98,,97,85,100,271,2,-5.2,.3
.467,.574,.191,.493,.727,.523,.220,.280,101,110,53,93,94,93,85,73,-10.6,-13.8
.543,.543,,.543,.603,.571,.543,.000,118,104,,103,78,101,209,,8.0,4.0
.481,.540,.419,.583,.821,.602,.129,.490,105,103,117,110,106,107,49,128,71.4,51.7
.475,.533,.344,.528,.790,.571,.304,.306,103,102,96,100,102,101,117,80,-1.5,10.7
.440,.532,.372,.547,.741,.566,.151,.576,96,102,104,103,96,100,58,150,27.8,1.2
,,,,,,,,,,,,,,,,,
,,,,,,,,,,,,,,,,,
.447,.479,.414,.548,.902,.603,.296,.489,97,91,116,104,117,107,114,127,36.1,81.3
.500,.526,.444,.571,.800,.617,.357,.321,109,100,124,108,104,109,137,84,2.4,3.4
.364,.571,.000,.364,.500,.392,.364,.364,79,109,,69,65,69,140,95,-3.6,-4.4
.667,1.000,.000,.667,.000,.515,.667,.333,145,191,,126,,91,256,87,.8,-0.4
.250,.400,.000,.250,1.000,.338,.250,.375,54,76,,47,129,60,96,98,-4.5,-4.0
,,,,,,,,,,,,,,,,.0,.0
.250,.300,.200,.300,,.300,.000,.500,54,57,56,57,,53,,130,-9.2,-10.6
.504,.571,.352,.558,.812,.608,.363,.303,110,109,98,105,105,108,140,79,13.5,23.5
.489,.549,.354,.544,.919,.618,.397,.310,106,105,99,103,119,109,152,81,38.0,161.0
.472,.569,.322,.535,.784,.587,.388,.395,102,109,90,101,102,104,149,103,3.8,15.7
.300,.375,.000,.300,,.300,.000,.200,65,72,,57,,53,,52,-4.6,-5.3
.417,.472,.308,.469,.829,.494,.128,.333,91,90,86,89,107,87,49,87,-38.5,-47.9
.444,.509,.364,.526,.833,.537,.063,.452,96,97,102,99,108,95,24,118,-2.1,-21.5
.667,.661,1.000,.675,.652,.681,.243,.016,145,126,279,128,84,121,94,4,55.1,48.7
.357,.467,.231,.411,.500,.415,.071,.464,78,89,64,78,65,74,27,121,-6.6,-8.6
.273,.385,.111,.295,.800,.351,.227,.409,59,73,31,56,104,62,87,107,-10.3,-10.3
.500,.667,.000,.500,.333,.470,.750,.250,109,127,,95,43,83,288,65,-0.2,-1.0
.510,.610,.361,.583,.844,.620,.252,.401,111,117,101,110,109,110,97,104,52.1,59.7
.424,.486,.330,.489,.809,.520,.174,.398,92,93,92,93,105,92,67,104,-59.4,-72.6
.361,.476,.200,.403,.800,.458,.278,.417,78,91,56,76,104,81,107,108,-9.1,-8.6
,,,,,,,,,,,,,,,,,
,,,,,,,,,,,,,,,,,
.373,.250,.392,.542,.875,.568,.136,.864,81,48,110,103,113,101,52,225,1.6,.4
.438,.488,.326,.489,.892,.541,.250,.309,95,93,91,92,115,96,96,80,-59.9,-39.7
.407,.438,.358,.476,.808,.510,.190,.385,89,84,100,90,105,90,73,100,-112.6,-126.1
.443,.470,.344,.480,.740,.518,.266,.215,96,90,96,91,96,92,102,56,-43.8,-47.0
.316,.300,.333,.395,1.000,.472,.263,.474,69,57,93,75,129,84,101,123,-5.1,-3.9
.481,.543,.382,.554,.724,.583,.274,.381,105,104,107,105,94,103,105,99,44.9,36.4
.400,.400,,.400,.375,.407,.800,.000,87,76,,76,49,72,307,,-2.6,-4.3
.371,.425,.324,.457,.800,.486,.156,.531,81,81,90,86,104,86,60,138,-36.8,-43.0
.439,.479,.341,.488,.784,.524,.224,.288,95,91,95,92,101,93,86,75,-50.9,-55.6
.467,.515,.358,.522,.813,.553,.193,.309,101,98,100,99,105,98,74,81,-5.4,-9.5
.581,.630,.407,.626,.741,.649,.278,.218,126,120,114,118,96,115,107,57,80.9,79.2
.402,.469,.333,.484,.809,.502,.094,.495,87,90,93,92,105,89,36,129,-19.9,-29.4
.450,.463,.427,.526,.793,.548,.139,.359,98,88,119,100,103,97,53,93,-1.1,-7.5
.465,.483,.421,.528,.722,.545,.142,.299,101,92,118,100,93,96,54,78,-0.3,-5.4
.427,.422,.432,.524,.909,.553,.134,.451,93,81,121,99,118,98,52,117,-0.7,-2.1
.418,.439,.385,.493,.887,.561,.345,.392,91,84,108,93,115,99,133,102,-54.3,-6.1
.406,.424,.375,.476,.897,.552,.373,.373,88,81,105,90,116,98,143,97,-63.7,-17.1
.461,.500,.416,.557,.829,.595,.245,.461,100,95,116,105,107,105,94,120,9.4,11.0
.344,.458,.189,.384,.571,.397,.112,.424,75,88,53,73,74,70,43,110,-36.2,-44.1
.455,.494,.244,.474,.834,.585,.693,.157,99,94,68,90,108,104,266,41,-82.7,40.0
,,,,,,,,,,,,,,,,,
,,,,,,,,,,,,,,,,,
.427,.571,.182,.461,.889,.484,.101,.371,93,109,51,87,115,86,39,97,-12.1,-15.0
.406,.545,.160,.435,.667,.441,.043,.362,88,104,45,82,86,78,17,94,-13.0,-17.4
.500,.667,.250,.550,1.000,.618,.300,.400,109,127,70,104,129,110,115,104,.8,2.4
.500,.500,,.500,,.500,.000,.000,109,95,,95,,89,,,-0.3,-0.8
.468,.541,.385,.558,.774,.584,.201,.471,102,103,108,106,100,103,77,123,29.8,21.7
.400,.556,.167,.433,1.000,.507,.267,.400,87,106,47,82,129,90,102,104,-2.9,-1.9
.629,.629,,.629,.529,.626,.268,.000,137,120,,119,68,111,103,,77.6,53.1
.379,.515,.242,.439,.691,.515,.636,.500,82,98,68,83,89,91,245,130,-11.8,-8.4
.310,.375,.231,.362,.600,.436,.690,.448,67,72,64,68,78,77,265,117,-9.7,-9.7
.432,.647,.250,.500,.773,.578,.595,.540,94,124,70,95,100,102,229,141,-2.1,1.3
.416,.402,.425,.543,.852,.563,.111,.601,90,77,119,103,110,100,43,156,7.0,-0.9
.427,.481,.293,.469,.832,.535,.365,.288,93,92,82,89,108,95,140,75,-31.0,-17.9
.352,.451,.302,.452,.793,.470,.095,.664,77,86,84,86,103,83,37,173,-46.5,-59.8
.533,.564,.207,.542,.737,.590,.443,.085,116,108,58,103,95,105,170,22,9.2,21.1
.412,.468,.333,.481,.734,.525,.323,.412,90,89,93,91,95,93,124,107,-27.8,-26.4
.580,.581,.000,.579,.606,.589,.218,.003,126,111,,110,78,104,84,1,30.6,16.1
.560,.560,,.560,.614,.573,.222,.000,122,107,,106,79,101,85,,16.2,4.4
.689,.705,.000,.689,.556,.684,.200,.022,150,135,,130,72,121,77,6,14.4,11.7
.778,.778,,.778,.462,.717,.722,.000,169,148,,147,60,127,278,,9.0,7.2
.404,.597,.306,.505,.870,.531,.126,.661,88,114,85,96,113,94,48,172,-8.6,-13.1
,,,,,,,,,,,,,,,,,
,,,,,,,,,,,,,,,,,
.000,.000,.000,.000,1.000,.127,.286,.571,,,,,129,22,110,149,-7.4,-6.9
.667,.750,.000,.667,,.667,.000,.111,145,143,,126,,118,,29,2.5,1.8
.393,.412,.375,.489,1.000,.499,.036,.514,85,79,105,93,129,88,14,134,-11.1,-18.6
.294,.167,.438,.397,,.397,.000,.471,64,32,122,75,,70,,123,-9.0,-11.4
.424,.500,.357,.519,1.000,.531,.047,.528,92,95,100,98,129,94,18,138,-2.1,-7.2
.545,.584,.205,.556,.769,.604,.405,.101,119,111,57,105,100,107,156,26,20.8,35.6
.618,.658,.359,.642,.759,.662,.234,.134,134,126,100,121,98,117,90,35,108.4,103.3
.406,.682,.351,.553,.900,.568,.075,.835,88,130,98,105,116,101,29,217,6.3,.8
.390,.625,.353,.542,.857,.564,.119,.864,85,119,99,103,111,100,46,225,1.6,-0.1
.419,.714,.350,.561,1.000,.571,.041,.811,91,136,98,106,129,101,16,211,4.7,.9
.454,.533,.368,.542,.836,.574,.190,.476,99,102,103,103,108,102,73,124,23.0,16.8
.442,.509,.371,.532,.884,.581,.264,.488,96,97,104,101,114,103,101,127,2.2,12.1
.462,.547,.366,.548,.785,.569,.146,.469,100,104,102,104,102,101,56,122,20.8,4.7
.562,.634,.143,.573,.524,.577,.438,.146,122,121,40,108,68,102,168,38,4.2,1.4
.401,.571,.346,.532,.909,.548,.077,.753,87,109,97,101,118,97,30,196,.8,-4.8
.286,.364,.000,.286,.600,.340,.357,.214,62,69,,54,78,60,137,56,-6.8,-7.3
.426,.486,.316,.481,.545,.493,.204,.352,93,93,88,91,71,87,78,92,-5.1,-8.5
.584,.642,.401,.632,.800,.659,.248,.243,127,123,112,120,104,117,95,63,125.1,127.1
.471,.510,.368,.522,.750,.538,.118,.279,102,97,103,99,97,95,45,73,-0.9,-3.8
.409,.437,.375,.494,.827,.537,.245,.452,89,83,105,93,107,95,94,118,-39.7,-34.5
,,,,,,,,,,,,,,,,,
,,,,,,,,,,,,,,,,,
.455,.607,.331,.547,.775,.565,.133,.551,99,116,93,103,100,100,51,144,10.6,.2
.425,.465,.365,.498,.786,.509,.065,.397,92,89,102,94,102,90,25,103,-13.3,-24.7
.667,.667,,.667,.875,.741,.667,.000,145,127,,126,113,131,256,,3.3,5.5
.700,.700,,.700,.833,.752,.600,.000,152,134,,132,108,133,231,,3.4,4.7
.500,.500,,.500,1.000,.694,1.000,.000,109,95,,95,129,123,384,,-0.1,.7
.422,.593,.335,.533,.798,.559,.172,.664,92,113,94,101,103,99,66,173,6.3,-8.2
.435,.587,.346,.544,.798,.572,.190,.629,95,112,97,103,103,101,73,164,15.4,8.1
.392,.610,.316,.509,.800,.531,.132,.740,85,116,88,96,104,94,51,193,-9.1,-16.3
.356,.466,.302,.458,.714,.469,.079,.672,77,89,85,87,92,83,30,175,-25.2,-34.9
.364,.440,.323,.469,.750,.482,.084,.650,79,84,90,89,97,85,32,169,-17.2,-24.5
.324,.625,.231,.412,.500,.416,.059,.765,70,119,64,78,65,74,23,199,-8.0,-10.4
.461,.603,.326,.545,.611,.553,.134,.513,100,115,91,103,79,98,51,134,8.5,-6.7
.500,.500,.500,.625,,.625,.000,.500,109,95,140,118,,111,,130,.8,.5
.401,.538,.343,.521,.776,.553,.222,.700,87,103,96,99,100,98,85,182,-8.5,-14.0
.368,.519,.293,.466,.789,.507,.238,.667,80,99,82,88,102,90,92,174,-50.0,-50.9
.482,.611,.445,.655,.733,.669,.183,.780,105,117,124,124,95,118,70,203,41.5,36.9
.404,.471,.299,.462,.462,.467,.206,.388,88,90,83,87,60,83,79,101,-75.8,-120.8
.495,.549,.452,.621,.825,.643,.169,.559,108,105,126,117,107,114,65,146,105.9,96.5
.402,.636,.245,.476,1.000,.556,.317,.598,87,121,68,90,129,99,122,156,-8.7,-1.5
.387,.481,.348,.511,.625,.518,.086,.710,84,92,97,97,81,92,33,185,-6.7,-18.0
,,,,,,,,,,,,,,,,,
,,,,,,,,,,,,,,,,,
.392,.478,.357,.519,.625,.527,.101,.709,85,91,100,98,81,93,39,185,-3.1,-12.4
.357,.500,.300,.464,,.464,.000,.714,78,95,84,88,,82,,186,-3.6,-5.6
.503,.546,.330,.536,.846,.610,.479,.199,109,104,92,101,109,108,184,52,14.8,119.2
.478,.478,,.478,.500,.489,.304,.000,104,91,,90,65,87,117,,-4.7,-7.9
.456,.541,.388,.564,.864,.588,.135,.555,99,103,109,107,112,104,52,145,30.9,21.2
.400,.540,.206,.443,.833,.473,.141,.420,87,103,57,84,108,84,54,109,-43.7,-49.9
.404,.550,.197,.444,.821,.477,.164,.415,88,105,55,84,106,85,63,108,-28.9,-32.0
.393,.521,.222,.440,.875,.463,.095,.429,85,99,62,83,113,82,37,112,-14.8,-17.8
.354,.488,.231,.414,.865,.463,.211,.520,77,93,64,78,112,82,81,135,-40.1,-39.0
.531,.540,.257,.535,.845,.603,.430,.033,115,103,72,101,109,107,165,9,13.5,95.1
.648,.655,.333,.651,.872,.688,.275,.021,141,125,93,123,113,122,106,6,34.8,39.2
.446,.485,.281,.473,.603,.491,.213,.193,97,93,78,89,78,87,82,50,-33.1,-47.6
.456,.528,.355,.530,.772,.568,.278,.418,99,101,99,100,100,101,107,109,1.0,2.7
.448,.497,.383,.531,.797,.563,.213,.433,97,95,107,100,103,100,82,113,1.0,-1.2
.483,.618,.250,.529,.738,.583,.483,.368,105,118,70,100,96,103,186,96,-0.0,3.9
.415,.485,.307,.476,.778,.541,.437,.392,90,93,86,90,101,96,168,102,-108.9,-56.8
.455,.567,.336,.536,.733,.557,.169,.484,99,108,94,101,95,99,65,126,7.6,-8.8
.463,.574,.316,.531,.758,.585,.448,.431,101,110,88,100,98,104,172,112,5.6,62.3
.395,.479,.297,.463,.792,.506,.243,.463,86,91,83,88,103,90,93,121,-28.6,-28.6
.414,.480,.362,.516,.667,.527,.114,.562,90,92,101,97,86,93,44,146,-7.7,-22.9
,,,,,,,,,,,,,,,,,
,,,,,,,,,,,,,,,,,
.390,.464,.286,.449,.674,.474,.195,.415,85,89,80,85,87,84,75,108,-37.6,-46.4
.414,.444,.347,.468,.724,.495,.185,.312,90,85,97,89,94,88,71,81,-19.1,-23.7
.441,.505,.367,.526,.776,.573,.340,.467,96,96,102,100,100,101,131,122,-3.7,13.0
.533,.551,.143,.536,.575,.553,.375,.045,116,105,40,101,74,98,144,12,11.8,-21.6
.530,.546,.048,.531,.584,.550,.376,.031,115,104,13,100,76,97,144,8,2.9,-23.6
.552,.593,.286,.571,.513,.573,.371,.133,120,113,80,108,66,101,143,35,8.9,2.0
.400,.333,.429,.550,1.000,.558,.033,.700,87,64,120,104,129,99,13,182,2.5,-0.8
.444,.535,.259,.487,.741,.510,.158,.328,97,102,72,92,96,90,61,85,-28.7,-40.1
.328,.346,.316,.422,.684,.444,.148,.594,71,66,88,80,89,79,57,155,-27.4,-33.0
.143,.333,.000,.143,,.143,.000,.571,31,64,,27,,25,,149,-5.4,-5.9
.351,.355,.350,.494,.846,.509,.075,.822,76,68,98,93,109,90,29,214,-12.0,-20.0
.477,.517,.331,.512,.807,.591,.543,.215,104,99,93,97,104,105,209,56,-26.2,51.1
.446,.553,.325,.522,.806,.565,.273,.471,97,106,91,99,104,100,105,123,-4.7,-0.2
.443,.525,.349,.524,.787,.564,.270,.469,96,100,98,99,102,100,104,122,-2.0,-0.6
.451,.600,.286,.519,.838,.566,.278,.474,98,115,80,98,108,100,107,123,-2.7,.4
.642,.636,1.000,.649,.769,.682,.388,.015,139,121,279,123,100,121,149,4,16.1,18.4
.336,.337,.333,.384,.862,.436,.216,.291,73,64,93,73,112,77,83,76,-38.7,-37.8
.338,.337,.342,.387,.862,.439,.218,.286,74,64,96,73,112,78,84,74,-37.7,-36.6
.000,,.000,.000,,.000,.000,1.000,,,,,,,,260,-1.1,-1.1
.471,.539,.349,.534,.744,.576,.361,.361,102,103,97,101,96,102,139,94,1.1,3.2
,,,,,,,,,,,,,,,,,
,,,,,,,,,,,,,,,,,
.435,.471,.333,.478,1.000,.502,.087,.261,94,90,93,90,129,89,33,68,-2.3,-3.0
.479,.559,.351,.547,.732,.592,.427,.385,104,107,98,103,95,105,164,100,3.5,6.2
.786,.786,,.786,.333,.751,.214,.000,171,150,,149,43,133,82,,7.2,5.7
.617,.626,.143,.618,.563,.620,.209,.021,134,120,40,117,73,110,80,5,60.5,40.8
.630,.654,.000,.630,.783,.671,.426,.037,137,125,,119,101,119,164,10,10.9,13.6
.354,.558,.292,.466,.750,.481,.091,.764,77,106,81,88,97,85,35,199,-27.7,-38.4
.518,.605,.135,.530,.569,.542,.256,.186,112,115,38,100,74,96,99,48,.5,-10.1
.420,.505,.304,.484,.857,.528,.223,.420,91,96,85,92,111,93,86,109,-16.8,-15.2
.466,.589,.376,.575,.722,.595,.207,.581,101,112,105,109,93,105,80,151,47.9,34.8
.416,.470,.389,.544,.833,.570,.155,.656,91,90,109,103,108,101,60,171,17.5,6.1
.467,.527,.399,.560,.818,.595,.237,.467,102,101,111,106,106,105,91,122,58.4,62.4
.480,.535,.292,.513,.705,.558,.420,.227,104,102,82,97,91,99,161,59,-26.0,-13.5
.441,.389,.500,.559,.500,.559,.118,.471,96,74,140,106,65,99,45,123,2.0,-0.4
.241,.500,.174,.310,.643,.384,.483,.793,52,95,49,59,83,68,186,206,-12.7,-12.7
.362,.375,.333,.415,.792,.464,.255,.319,79,72,93,78,102,82,98,83,-21.4,-21.1
.465,.507,.267,.488,.730,.517,.206,.175,101,97,75,92,94,91,79,46,-62.5,-80.9
.438,.536,.300,.500,.682,.546,.458,.417,95,102,84,95,88,97,176,108,-2.8,-2.1
.353,.556,.125,.382,.600,.444,.588,.471,77,106,35,72,78,79,226,123,-5.0,-5.2
.484,.526,.417,.565,.750,.606,.387,.387,105,100,116,107,97,107,149,101,2.2,3.0
.702,.702,,.701,.533,.686,.448,.000,152,134,,133,69,121,172,,46.3,38.8
,,,,,,,,,,,,,,,,,
,,,,,,,,,,,,,,,,,
.438,.476,.406,.547,.893,.612,.365,.537,95,91,113,103,115,108,140,140,29.9,89.2
.435,.493,.399,.557,.859,.584,.157,.611,95,94,111,105,111,103,60,159,30.8,22.6
.401,.434,.355,.476,.875,.498,.103,.423,87,83,99,90,113,88,40,110,-74.3,-97.3
.426,.473,.385,.529,.735,.551,.176,.530,93,90,108,100,95,98,68,138,-0.1,-8.5
.446,.511,.336,.508,.882,.553,.228,.369,97,97,94,96,114,98,88,96,-24.4,-14.7
.439,.464,.412,.539,.876,.589,.278,.487,95,89,115,102,113,104,107,127,15.9,41.9
.584,.599,.286,.591,.732,.610,.196,.049,127,114,80,112,95,108,75,13,35.5,28.2
.554,.558,.000,.554,.775,.580,.195,.008,120,107,,105,100,103,75,2,12.5,8.2
.471,.512,.347,.514,.807,.568,.352,.247,102,98,97,97,104,101,135,64,-30.5,7.2
.693,.693,,.693,.630,.699,.724,.000,151,132,,131,82,124,278,,182.9,196.6
.400,.485,.299,.468,.933,.507,.158,.458,87,93,83,89,121,90,61,119,-23.0,-23.5
.437,.494,.308,.484,.674,.516,.292,.309,95,94,86,92,87,91,112,80,-68.2,-83.6
.369,.469,.317,.473,.766,.510,.231,.654,80,89,89,89,99,90,89,170,-51.7,-56.1
.382,.397,.373,.495,.820,.537,.242,.608,83,76,104,94,106,95,93,158,-64.5,-58.4
.359,.443,.275,.428,.643,.456,.231,.496,78,85,77,81,83,81,89,129,-49.0,-58.2
.354,.457,.241,.411,.730,.447,.211,.474,77,87,67,78,94,79,81,123,-41.1,-45.0
.373,.400,.351,.470,.474,.478,.284,.552,81,76,98,89,61,85,109,144,-7.9,-13.1
.478,.537,.389,.555,.750,.591,.309,.398,104,102,109,105,97,105,119,103,33.4,37.5
.370,.421,.250,.407,.714,.449,.259,.296,80,80,70,77,92,79,100,77,-6.6,-7.0
.500,.500,,.500,,.500,.000,.000,109,95,,95,,89,,,-0.1,-0.3
,,,,,,,,,,,,,,,,,
,,,,,,,,,,,,,,,,,
.416,.524,.367,.542,.688,.552,.101,.690,90,100,103,103,89,98,39,180,12.7,-12.2
.389,.465,.279,.446,.759,.489,.263,.408,85,89,78,84,98,87,101,106,-52.2,-53.1
.429,.517,.387,.560,.750,.576,.136,.676,93,99,108,106,97,102,52,176,21.7,8.6
.500,.581,.273,.536,.667,.564,.333,.262,109,111,76,101,86,100,128,68,1.7,-0.2
.462,.603,.339,.552,.802,.590,.265,.532,100,115,95,104,104,104,102,139,16.2,19.3
.385,.451,.327,.472,.778,.523,.323,.533,84,86,91,89,101,93,124,139,-22.2,-18.5
.564,.800,.354,.658,.857,.682,.188,.530,123,153,99,124,111,121,72,138,38.4,37.8
.352,.439,.243,.406,.775,.476,.392,.444,77,84,68,77,100,84,151,116,-61.4,-52.1
.395,.500,.301,.475,.923,.513,.166,.529,86,95,84,90,119,91,64,138,-17.1,-17.2
.400,1.000,.000,.400,,.400,.000,.600,87,191,,76,,71,,156,-1.3,-1.6
.466,.500,.287,.489,.829,.535,.257,.160,101,95,80,92,107,95,99,42,-43.4,-36.1
.200,.154,.235,.267,.500,.298,.267,.567,43,29,66,50,65,53,102,148,-15.7,-17.9
.682,.682,,.682,.500,.652,.818,.000,148,130,,129,65,115,314,,6.7,5.2
.250,.250,,.250,.667,.452,1.500,.000,54,48,,47,86,80,577,,-2.2,-1.5
.778,.778,,.778,.417,.709,.667,.000,169,148,,147,54,126,256,,9.0,6.7
.444,.333,.667,.556,1.000,.607,.222,.333,97,64,186,105,129,108,85,87,.5,.8
.434,.485,.398,.550,.819,.581,.206,.580,94,93,111,104,106,103,79,151,37.0,32.1
.444,.556,.355,.543,.865,.626,.528,.557,96,106,99,103,112,111,203,145,41.7,227.5
.502,.584,.347,.562,.591,.572,.233,.346,109,111,97,106,76,101,90,90,18.7,4.6
.516,.590,.370,.578,.571,.584,.194,.336,112,113,103,109,74,103,74,88,21.5,9.0
,,,,,,,,,,,,,,,,,
,,,,,,,,,,,,,,,,,
.455,.561,.280,.508,.625,.535,.364,.379,99,107,78,96,81,95,140,99,-2.8,-4.5
.250,.500,.000,.250,,.250,.000,.500,54,95,,47,,44,,130,-2.2,-2.5
.580,.593,.000,.580,.658,.607,.432,.022,126,113,,110,85,107,166,6,83.2,81.5
.420,.479,.333,.487,.815,.519,.177,.405,91,91,93,92,105,92,68,105,-42.9,-50.9
.486,.553,.424,.596,.719,.606,.114,.518,106,106,118,113,93,107,44,135,104.8,68.3
.467,.496,.381,.515,.780,.559,.303,.255,101,95,106,97,101,99,116,66,-4.5,-2.2
.471,.517,.367,.527,.806,.556,.184,.304,102,99,103,100,104,99,71,79,-3.6,-21.2
.657,.710,.000,.657,.679,.674,.418,.075,143,135,,124,88,119,161,19,17.1,17.4
.423,.584,.342,.537,.739,.563,.216,.665,92,112,95,101,96,100,83,173,8.3,-2.0
.364,.375,.333,.409,.750,.470,.364,.273,79,72,93,77,97,83,140,71,-2.6,-2.4
.672,.678,.250,.674,.647,.689,.734,.015,146,130,70,127,84,122,282,4,75.1,85.1
.500,.554,.383,.561,.855,.595,.207,.317,109,106,107,106,111,105,80,83,44.6,46.3
.556,.644,.222,.579,.500,.578,.269,.210,121,123,62,109,65,102,103,55,17.1,5.0
.508,.618,.194,.533,.515,.539,.275,.258,110,118,54,101,67,95,106,67,1.1,-6.9
.667,.696,.400,.686,.462,.670,.255,.098,145,133,112,130,60,119,98,26,16.1,11.9
.357,.333,.500,.393,.600,.432,.357,.143,78,64,140,74,78,77,137,37,-3.8,-4.3
.405,.475,.341,.494,.620,.517,.287,.522,88,91,95,93,80,92,110,136,-17.2,-26.3
.345,.460,.250,.414,.640,.442,.227,.545,75,88,70,78,83,78,87,142,-25.3,-29.7
.453,.485,.420,.558,.609,.576,.336,.504,98,93,117,106,79,102,129,131,8.1,3.4
.532,.590,.227,.550,.627,.576,.424,.158,116,113,63,104,81,102,163,41,6.0,3.7
,,,,,,,,,,,,,,,,,
,,,,,,,,,,,,,,,,,
.428,.463,.389,.520,.870,.550,.159,.472,93,88,109,98,113,97,61,123,-11.4,-19.4
.259,.571,.150,.315,,.315,.000,.741,56,109,42,60,,56,,193,-11.6,-13.5
.422,.486,.308,.477,.814,.525,.271,.358,92,93,86,90,105,93,104,93,-22.6,-19.5
.429,.479,.394,.545,.846,.566,.117,.592,93,91,110,103,109,100,45,154,38.0,2.0
.516,.565,.460,.624,.842,.659,.269,.468,112,108,129,118,109,117,103,122,71.3,79.1
.396,.439,.368,.509,.741,.535,.194,.615,86,84,103,96,96,95,75,160,-11.0,-17.8
.412,.465,.381,.532,.684,.549,.163,.631,90,89,106,101,89,97,63,164,1.6,-8.0
.311,.333,.292,.389,.875,.471,.356,.533,68,64,81,74,113,83,137,139,-12.6,-9.8
.469,.517,.000,.469,.615,.504,.406,.094,102,99,,89,80,89,156,24,-3.8,-4.6
.414,.427,.394,.491,.851,.521,.154,.393,90,82,110,93,110,92,59,102,-42.5,-52.1
.455,.509,.353,.516,.709,.537,.181,.344,99,97,99,98,92,95,70,90,-26.0,-59.7
.428,.477,.405,.566,.791,.585,.138,.681,93,91,113,107,102,104,53,177,36.0,20.8
.471,.497,.130,.476,.734,.533,.435,.070,102,95,36,90,95,94,167,18,-35.0,-24.6
.648,.648,,.648,.788,.681,.343,.000,141,124,,123,102,121,132,,82.2,91.8
.506,.515,.493,.608,.778,.625,.157,.413,110,98,138,115,101,111,60,107,27.1,22.3
.450,.516,.350,.520,.762,.536,.113,.399,98,99,98,98,99,95,43,104,-12.9,-42.5
.467,.588,.308,.533,.500,.535,.133,.433,101,112,86,101,65,95,51,113,.3,-1.9
.427,.549,.363,.546,.811,.572,.167,.659,93,105,102,103,105,101,64,171,18.9,8.5
.729,.732,.600,.735,.514,.697,.773,.018,159,140,168,139,67,123,297,5,114.0,97.8
.000,,.000,.000,,.000,.000,1.000,,,,,,,,260,-4.2,-4.5
,,,,,,,,,,,,,,,,,
,,,,,,,,,,,,,,,,,
.413,.453,.380,.517,.828,.536,.105,.547,90,86,106,98,107,95,40,143,-14.2,-36.8
.410,.454,.355,.489,.764,.521,.211,.445,89,87,99,92,99,92,81,116,-54.4,-65.0
.457,.496,.316,.491,.590,.521,.446,.217,99,95,88,93,76,92,171,57,-13.1,-18.4
.512,.559,.385,.564,.718,.583,.185,.272,111,107,107,107,93,103,71,71,47.4,26.7
.432,.585,.298,.511,.400,.507,.171,.534,94,112,83,97,52,90,66,139,-3.1,-10.8
.467,.545,.365,.546,.828,.589,.278,.438,101,104,102,103,107,104,107,114,11.0,17.3
.445,.525,.399,.572,.787,.595,.170,.638,97,100,112,108,102,105,65,166,48.1,35.7
.463,.501,.391,.531,.851,.587,.336,.350,101,96,109,100,110,104,129,91,4.8,56.3
.478,.522,.394,.546,.922,.595,.245,.341,104,100,110,103,119,105,94,89,14.0,27.5
.470,.521,.340,.518,.779,.552,.232,.283,102,99,95,98,101,98,89,74,-7.1,-9.2
.416,.457,.342,.476,.804,.544,.416,.352,90,87,95,90,104,96,160,92,-24.4,-11.4
.405,.465,.326,.476,.747,.510,.227,.435,88,89,91,90,97,90,87,113,-35.1,-40.1
.469,.540,.394,.565,.747,.593,.247,.489,102,103,110,107,97,105,95,127,54.6,47.1
.440,.540,.319,.513,.700,.547,.315,.453,96,103,89,97,91,97,121,118,-5.2,-6.4
.396,.489,.294,.466,.840,.496,.147,.478,86,93,82,88,109,88,56,124,-42.7,-50.0
.411,.425,.393,.498,.833,.529,.166,.445,89,81,110,94,108,94,64,116,-19.8,-25.0
.384,.388,.378,.462,.788,.492,.167,.414,83,74,106,87,102,87,64,108,-26.4,-31.0
.453,.492,.413,.555,.905,.587,.164,.492,98,94,115,105,117,104,63,128,6.6,6.0
.417,.473,.310,.470,.476,.477,.250,.345,91,90,87,89,62,85,96,90,-9.8,-16.3
.493,.564,.348,.550,.693,.577,.292,.326,107,108,97,104,90,102,112,85,55.9,37.0
,,,,,,,,,,,,,,,,,
,,,,,,,,,,,,,,,,,
.357,.357,,.357,.357,.372,1.000,.000,78,68,,68,46,66,384,,-4.8,-7.8
.500,.682,.278,.562,.833,.586,.150,.450,109,130,78,106,108,104,58,117,2.7,1.8
.336,.381,.280,.398,.750,.425,.142,.443,73,73,78,75,97,75,54,115,-29.5,-33.6
.414,.429,.375,.466,.700,.509,.345,.276,90,82,105,88,91,90,133,72,-3.7,-3.7
.281,.261,.333,.328,.900,.412,.312,.281,61,50,93,62,116,73,120,73,-12.8,-11.1
.435,.526,.390,.565,.807,.586,.141,.672,94,100,109,107,104,104,54,175,29.6,18.3
.479,.565,.363,.556,.646,.572,.223,.423,104,108,101,105,84,101,86,110,11.6,3.3
.448,.548,.356,.540,.571,.547,.161,.517,97,105,99,102,74,97,62,135,2.0,-3.2
.500,.573,.370,.566,.676,.588,.266,.359,109,109,103,107,88,104,102,94,9.6,6.5
.596,.597,.591,.669,.795,.711,.494,.247,129,114,165,126,103,126,190,64,24.9,31.6
.373,.429,.292,.432,.562,.454,.271,.407,81,82,81,82,73,80,104,106,-11.4,-14.6
.388,.450,.319,.464,.840,.504,.200,.476,84,86,89,88,109,89,77,124,-32.4,-33.2
.380,.466,.289,.450,.750,.481,.187,.485,83,89,81,85,97,85,72,126,-26.9,-31.0
.405,.419,.389,.494,1.000,.552,.228,.456,88,80,109,93,129,98,88,119,-5.6,-2.2
.527,.594,.314,.565,.817,.605,.281,.238,115,113,88,107,106,107,108,62,77.3,96.8
.680,.704,.222,.685,.738,.712,.472,.051,148,134,62,130,96,126,181,13,55.7,63.2
.527,.677,.280,.580,.772,.620,.352,.378,115,129,78,110,100,110,135,98,35.9,44.7
.459,.492,.379,.514,.741,.532,.135,.289,100,94,106,97,96,94,52,75,-12.7,-29.4
.665,.665,,.666,.680,.682,.425,.000,145,127,,126,88,121,163,,78.5,80.2
.415,.455,.352,.483,.857,.517,.170,.386,90,87,98,91,111,92,65,100,-37.8,-42.1
,,,,,,,,,,,,,,,,,
,,,,,,,,,,,,,,,,,
.438,.417,.450,.578,1.000,.614,.156,.625,95,80,126,109,129,109,60,163,3.2,3.4
.450,.530,.331,.516,.678,.545,.293,.404,98,101,92,98,88,97,113,105,-7.7,-13.5
.572,.581,.143,.573,.707,.599,.284,.020,124,111,40,108,91,106,109,5,30.9,26.8
.442,.491,.399,.548,.893,.589,.219,.535,96,94,111,104,116,104,84,139,13.3,18.5
.333,.370,.250,.371,.786,.416,.212,.303,72,71,70,70,102,74,82,79,-20.8,-21.5
.340,.361,.294,.387,.778,.421,.170,.321,74,69,82,73,101,75,65,84,-15.1,-16.3
.308,.400,.000,.308,.800,.395,.385,.231,67,76,,58,104,70,148,60,-5.7,-5.2
.000,.000,.000,.000,,.000,.000,.333,,,,,,,,87,-3.2,-3.4
.381,.400,.364,.476,.000,.448,.143,.524,83,76,102,90,,79,55,136,-2.2,-5.2
.461,.605,.373,.577,.850,.606,.181,.621,100,116,104,109,110,107,70,162,49.4,45.3
.353,.389,.344,.488,.588,.503,.204,.784,77,74,96,92,76,89,78,204,-13.6,-22.5
.326,.409,.297,.436,.308,.431,.151,.744,71,78,83,82,40,76,58,194,-16.0,-24.6
.383,.357,.388,.543,.762,.576,.259,.827,83,68,108,103,99,102,100,215,2.3,2.1
.359,.391,.327,.440,.653,.470,.252,.496,78,75,91,83,85,83,97,129,-71.1,-84.1
.649,.704,.500,.716,.500,.713,.054,.270,141,134,140,135,65,126,21,70,13.9,11.2
.430,.478,.402,.557,.755,.579,.181,.632,93,91,112,105,98,103,70,165,31.5,17.4
.439,.646,.287,.521,.714,.539,.150,.578,95,123,80,99,92,96,58,150,-2.8,-10.1
.430,.482,.418,.599,.854,.621,.140,.809,93,92,117,113,110,110,54,211,41.1,34.7
.446,.529,.367,.540,.632,.555,.215,.508,97,101,102,102,82,98,83,132,3.8,-3.8
.436,.518,.316,.500,.736,.531,.232,.407,95,99,88,95,95,94,89,106,-38.5,-49.5
,,,,,,,,,,,,,,,,,
,,,,,,,,,,,,,,,,,
.551,.582,.231,.561,.758,.588,.225,.088,120,111,64,106,98,104,86,23,9.5,7.6
.451,.508,.335,.506,.836,.547,.230,.330,98,97,94,96,108,97,88,86,-21.6,-18.7
.350,.434,.185,.381,.720,.434,.312,.338,76,83,52,72,93,77,120,88,-23.6,-23.8
.450,.496,.380,.526,.802,.568,.279,.404,98,95,106,100,104,101,107,105,-6.1,9.8
.333,.455,.143,.361,.333,.363,.333,.389,72,87,40,68,43,64,128,101,-6.0,-8.3
.453,.533,.333,.520,.750,.544,.179,.402,98,102,93,98,97,96,69,105,-3.3,-8.1
.419,.456,.278,.448,.438,.451,.186,.209,91,87,78,85,57,80,72,54,-14.0,-21.1
.400,.667,.000,.400,1.000,.460,.200,.400,87,127,,76,129,81,77,104,-2.6,-2.3
.488,.543,.447,.616,.857,.629,.085,.573,106,104,125,116,111,111,33,149,14.3,10.9
.417,.471,.356,.500,.873,.548,.247,.468,91,90,99,95,113,97,95,122,-29.5,-18.8
.555,.619,.271,.580,.648,.600,.329,.185,121,118,76,110,84,106,127,48,32.6,25.5
.546,.627,.250,.573,.630,.590,.311,.215,119,120,70,108,81,105,120,56,23.0,15.1
.593,.589,.667,.610,.708,.640,.407,.051,129,113,186,115,92,113,156,13,9.6,10.4
.469,.506,.379,.524,.886,.589,.355,.287,102,97,106,99,115,104,136,75,-11.3,63.6
.508,.623,.414,.622,.643,.627,.120,.547,111,119,116,118,83,111,46,142,43.5,30.8
.425,.451,.364,.480,.711,.514,.269,.300,92,86,102,91,92,91,103,78,-72.2,-82.6
.463,.524,.401,.563,.888,.627,.384,.500,101,100,112,106,115,111,148,130,91.2,197.0
.430,.554,.237,.477,.636,.505,.291,.391,94,106,66,90,82,89,112,102,-15.7,-20.4
.367,.431,.071,.373,.750,.403,.152,.177,80,82,20,71,97,71,58,46,-24.6,-27.2
.435,.549,.314,.511,.836,.551,.227,.484,95,105,88,97,108,98,87,126,-23.7,-20.4
,,,,,,,,,,,,,,,,,
,,,,,,,,,,,,,,,,,
.492,.577,.333,.550,.528,.554,.177,.351,107,110,93,104,68,98,68,91,12.8,-7.0
.450,.537,.374,.550,.854,.599,.301,.536,98,103,105,104,110,106,116,140,31.1,57.1
.416,.504,.352,.518,.857,.590,.427,.580,90,96,98,98,111,105,164,151,-17.3,48.6
.435,.505,.388,.550,.852,.599,.301,.595,95,96,108,104,110,106,116,155,11.5,20.9
.446,.503,.387,.541,.733,.557,.131,.490,97,96,108,102,95,99,50,128,8.2,-5.8
.333,.000,.500,.500,,.500,.000,.667,72,,140,95,,89,,174,-0.2,-0.4
,,,,,,,,,,,,,,,,.0,.0
.333,.364,.250,.367,.500,.378,.133,.267,72,69,70,69,65,67,51,69,-4.9,-5.9
.495,.538,.192,.507,.620,.545,.538,.124,108,103,54,96,80,96,207,32,-9.1,-10.3
.482,.550,.344,.539,.664,.582,.570,.332,105,105,96,102,86,103,219,86,3.9,8.4
.468,.508,.350,.513,.667,.545,.342,.253,102,97,98,97,86,96,131,66,-2.6,-3.6
.574,.603,.235,.583,.754,.612,.270,.081,125,115,66,110,98,108,104,21,22.8,22.4
.425,.518,.344,.517,.824,.560,.259,.536,92,99,96,98,107,99,100,140,-14.1,-6.5
.441,.362,.540,.560,.809,.595,.250,.441,96,69,151,106,105,105,96,115,5.2,5.7
.430,.546,.234,.473,.646,.505,.314,.372,93,104,65,90,84,89,121,97,-22.9,-28.1
.453,.543,.278,.500,.786,.541,.264,.340,98,104,78,95,102,96,102,88,-3.1,-2.8
.392,.541,.260,.461,.968,.506,.171,.530,85,103,73,87,125,90,66,138,-24.4,-22.8
.451,.567,.286,.510,.588,.530,.333,.412,98,108,80,96,76,94,128,107,-1.9,-4.0
.429,.500,.413,.598,.912,.691,.607,.821,93,95,115,113,118,122,233,214,7.8,17.9
.396,.472,.364,.524,.765,.547,.161,.704,86,90,102,99,99,97,62,183,-4.3,-16.4
,,,,,,,,,,,,,,,,,
,,,,,,,,,,,,,,,,,
.400,.667,.000,.400,.500,.425,.400,.400,87,127,,76,65,75,154,104,-1.3,-1.6
.414,.483,.324,.485,.722,.500,.111,.438,90,92,91,92,93,89,43,114,-14.3,-21.9
.451,.494,.379,.522,.757,.541,.136,.378,98,94,106,99,98,96,52,98,-18.2,-67.5
.516,.525,.294,.522,.833,.540,.102,.041,112,100,82,99,108,96,39,11,-5.7,-21.1
.471,.522,.375,.536,.824,.574,.243,.343,102,100,105,101,107,102,93,89,1.0,1.5
.488,.549,.435,.605,.828,.620,.106,.537,106,105,122,114,107,110,41,140,83.5,63.4
.637,.640,.500,.642,.646,.652,.268,.020,139,122,140,121,84,115,103,5,69.4,59.6
.398,.522,.270,.464,.559,.477,.188,.492,86,100,75,88,72,84,72,128,-23.4,-34.3
.427,.557,.215,.468,.710,.493,.181,.380,93,106,60,88,92,87,70,99,-20.9,-26.5
.489,.569,.382,.570,.667,.587,.219,.427,106,109,107,108,86,104,84,111,14.7,8.6
.444,.656,.400,.610,.746,.622,.123,.829,97,125,112,115,97,110,47,216,88.6,66.2
.407,.433,.357,.469,.761,.514,.298,.344,88,83,100,89,99,91,114,90,-44.1,-41.5
.420,.441,.377,.483,.771,.523,.262,.334,91,84,105,91,100,93,101,87,-29.3,-29.3
.333,.000,.500,.500,.750,.580,.667,.667,72,,140,95,97,103,256,174,-0.3,.2
.326,.407,.188,.360,.727,.446,.512,.372,71,78,52,68,94,79,197,97,-14.5,-12.5
.421,.573,.335,.528,.740,.556,.226,.638,92,109,94,100,96,98,87,166,-0.6,-6.1
.402,.464,.286,.451,.769,.501,.302,.349,87,89,80,85,99,89,116,91,-62.1,-58.0
.571,.600,.000,.571,.769,.608,.309,.048,124,115,,108,100,108,119,12,3.6,4.1
.497,.546,.415,.575,.916,.620,.240,.374,108,104,116,109,119,110,92,97,87.4,114.6
.667,.667,,.667,1.000,.773,.667,.000,145,127,,126,129,137,256,,.8,1.6
,,,,,,,,,,,,,,,,,
,,,,,,,,,,,,,,,,,
.322,.333,.314,.415,.750,.472,.339,.593,70,64,88,79,97,84,130,154,-13.4,-12.6
.414,.571,.364,.552,.375,.538,.276,.759,90,109,102,104,49,95,106,198,1.3,-1.7
.482,.500,.435,.543,.816,.591,.322,.283,105,95,122,103,106,105,124,74,12.7,26.2
.431,.533,.382,.560,.866,.593,.187,.674,94,102,107,106,112,105,72,175,37.5,35.9
.484,.535,.430,.588,.785,.617,.235,.487,105,102,120,111,102,109,90,127,33.0,31.8
.449,.494,.366,.513,.863,.558,.240,.352,97,94,102,97,112,99,92,92,-42.4,-20.7
.353,.800,.167,.412,,.412,.000,.706,77,153,47,78,,73,,184,-4.0,-5.2
.429,.462,.400,.536,.500,.538,.143,.536,93,88,112,101,65,95,55,139,.4,-1.6
.434,.542,.284,.494,.820,.530,.205,.418,94,104,79,93,106,94,79,109,-34.1,-36.9
.250,.500,.000,.250,,.250,.000,.500,54,95,,47,,44,,130,-2.2,-2.5
.426,.456,.377,.498,.689,.510,.103,.382,93,87,105,94,89,90,40,99,-27.2,-49.9
.477,.511,.335,.509,.776,.556,.329,.191,104,97,94,96,100,98,126,50,-37.0,-18.3
.577,.667,.375,.635,.750,.648,.154,.308,125,127,105,120,97,115,59,80,5.5,4.6
.443,.500,.386,.539,.776,.565,.186,.498,96,95,108,102,100,100,71,130,9.6,.5
.450,.500,.397,.546,.772,.573,.203,.486,98,95,111,103,100,102,78,126,13.6,7.4
.406,.500,.333,.500,.833,.516,.087,.565,88,95,93,95,108,91,33,147,-4.0,-6.9
.438,.461,.408,.526,.823,.570,.272,.430,95,88,114,99,106,101,104,112,-4.7,8.8
.442,.444,.439,.533,.823,.582,.311,.415,96,85,123,101,107,103,120,108,5.3,24.3
.425,.533,.309,.500,.818,.523,.126,.483,92,102,86,95,106,93,49,126,-10.0,-15.5
.459,.495,.378,.517,.843,.545,.157,.304,100,94,106,98,109,97,60,79,-13.6,-23.5
,,,,,,,,,,,,,,,,,
,,,,,,,,,,,,,,,,,
.733,.714,1.000,.767,.714,.774,.467,.067,159,136,279,145,92,137,179,17,7.1,7.6
.462,.504,.345,.508,.759,.543,.254,.266,100,96,96,96,98,96,98,69,-13.9,-15.6
.388,.667,.308,.507,.750,.533,.179,.776,84,127,86,96,97,94,69,202,-2.9,-4.6
.462,.481,.369,.494,.798,.524,.179,.174,100,92,103,93,103,93,69,45,-44.7,-56.1
.456,.519,.346,.519,.881,.559,.207,.362,99,99,97,98,114,99,80,94,-17.5,-10.7
.372,.479,.244,.427,.750,.484,.349,.454,81,91,68,81,97,86,134,118,-34.9,-32.1
.407,.500,.378,.550,.818,.569,.116,.757,89,95,105,104,106,101,45,197,8.1,1.6
.410,.425,.404,.552,.814,.578,.173,.704,89,81,113,104,105,102,66,183,18.6,11.8
.468,.556,.375,.559,.773,.591,.251,.487,102,106,105,106,100,105,96,127,15.8,15.2
.531,.636,.352,.596,.676,.608,.172,.369,115,121,98,113,87,108,66,96,58.2,40.4
.412,.518,.317,.496,.824,.552,.336,.526,90,99,88,94,107,98,129,137,-30.3,-13.1
.403,.540,.296,.486,.818,.539,.311,.562,88,103,83,92,106,95,120,146,-24.3,-16.4
.428,.489,.358,.512,.831,.573,.376,.468,93,93,100,97,107,101,144,122,-6.0,3.3
.455,.500,.386,.532,.830,.567,.212,.396,99,95,108,101,107,100,81,103,1.2,.9
.000,.000,.000,.000,1.000,.347,1.000,.500,,,,,129,61,384,130,-2.1,-1.3
.438,.526,.400,.578,.833,.589,.074,.699,95,100,112,109,108,104,29,182,31.4,16.4
.500,.500,,.500,.750,.608,1.000,.000,109,95,,95,97,108,384,,-0.5,1.0
.684,.688,.333,.686,.755,.711,.394,.011,149,131,93,130,98,126,151,3,84.5,92.5
.250,.000,.375,.375,1.000,.402,.083,.667,54,,105,71,129,71,32,174,-3.7,-4.1
.000,.000,,.000,,.000,.000,.000,,,,,,,,,-1.1,-1.1
,,,,,,,,,,,,,,,,,
,,,,,,,,,,,,,,,,,
.273,.000,.375,.409,1.000,.437,.091,.727,59,,105,77,129,77,35,189,-2.6,-2.9
.358,.593,.115,.387,.941,.471,.321,.491,78,113,32,73,122,83,123,128,-15.1,-11.3
.393,.444,.321,.459,.864,.497,.177,.411,86,85,90,87,112,88,68,107,-46.2,-48.4
.439,.505,.350,.514,.850,.534,.109,.428,95,96,98,97,110,95,42,111,-27.7,-58.0
.495,.525,.200,.505,.886,.567,.321,.092,108,100,56,95,115,100,123,24,-5.3,.5
.521,.581,.429,.606,.667,.627,.380,.394,113,111,120,115,86,111,146,103,10.9,10.4
.408,.464,.378,.531,.875,.562,.163,.648,89,89,106,100,113,99,63,169,.7,-1.3
.624,.629,.333,.627,.645,.642,.383,.018,136,120,93,118,83,114,147,5,31.7,29.2
.398,.427,.352,.467,.704,.516,.392,.392,86,82,98,88,91,91,151,102,-22.4,-20.7
.427,.529,.266,.479,.796,.553,.480,.387,93,101,74,91,103,98,184,101,-39.9,-11.4
.600,.750,.000,.600,.500,.595,.400,.200,130,143,,113,65,105,154,52,.7,.4
.394,.451,.317,.461,.814,.506,.240,.423,86,86,89,87,105,90,92,110,-33.2,-32.2
.462,.543,.406,.582,.860,.621,.251,.588,100,104,113,110,111,110,97,153,42.1,49.8
.433,.545,.377,.559,.764,.578,.151,.668,94,104,105,106,99,102,58,174,22.0,10.4
.375,.385,.368,.484,.800,.512,.156,.594,82,73,103,92,104,91,60,155,-2.8,-3.6
.494,.603,.259,.535,.550,.544,.235,.318,107,115,72,101,71,96,90,83,1.1,-3.9
.437,.496,.383,.538,.670,.552,.154,.527,95,95,107,102,87,98,59,137,10.9,-16.5
.452,.511,.352,.517,.780,.560,.298,.372,98,97,98,98,101,99,114,97,-19.6,-9.2
.200,.333,.000,.200,1.000,.340,.400,.400,43,64,,38,129,60,154,104,-3.3,-2.6
.500,.533,.429,.568,.000,.557,.045,.318,109,102,120,107,,99,17,83,1.7,-0.3
,,,,,,,,,,,,,,,,,
,,,,,,,,,,,,,,,,,
.510,.603,.269,.548,.753,.571,.189,.277,111,115,75,104,97,101,73,72,16.3,6.2
.504,.601,.270,.543,.736,.565,.183,.293,110,115,75,103,95,100,70,76,11.3,.3
.583,.625,.250,.597,.889,.638,.250,.111,127,119,70,113,115,113,96,29,4.9,5.9
.278,.250,.286,.389,,.389,.000,.778,60,48,80,74,,69,,203,-5.0,-6.3
.497,.550,.287,.526,.774,.571,.331,.202,108,105,80,99,100,101,127,52,-3.9,8.8
.526,.540,.000,.526,.586,.551,.500,.026,114,103,,99,76,98,192,7,-0.7,-3.8
.408,.459,.390,.551,.814,.580,.184,.738,89,88,109,104,105,103,71,192,10.6,7.5
.400,.500,.250,.450,,.450,.000,.400,87,95,70,85,,80,,104,-1.6,-2.3
.489,.554,.365,.552,.907,.610,.315,.343,106,106,102,104,117,108,121,89,40.9,91.5
.485,.462,.517,.596,.857,.612,.103,.426,105,88,145,113,111,108,40,111,9.1,6.7
.439,.482,.203,.455,.570,.470,.196,.157,95,92,57,86,74,83,75,41,-65.4,-90.7
.414,.500,.283,.470,.500,.473,.069,.397,90,95,79,89,65,84,27,103,-13.7,-22.0
.521,.532,.000,.521,.500,.526,.292,.021,113,102,,98,65,93,112,5,-0.8,-4.2
.290,.400,.188,.339,.938,.370,.103,.516,63,76,52,64,121,66,40,134,-58.9,-63.0
.615,.625,.000,.615,.535,.613,.538,.017,134,119,,116,69,109,207,5,49.4,34.7
.624,.624,,.624,.465,.612,.323,.000,136,119,,118,60,108,124,,50.7,28.8
.472,.471,.500,.486,.857,.525,.194,.056,103,90,140,92,111,93,75,14,-3.1,-3.1
.600,.667,.500,.700,1.000,.765,.400,.400,130,127,140,132,129,136,154,104,1.7,2.4
.333,.392,.279,.406,.798,.454,.237,.528,72,75,78,77,103,80,91,137,-122.9,-123.1
.442,.506,.335,.505,.723,.535,.240,.375,96,97,94,95,94,95,92,98,-20.3,-27.7
,,,,,,,,,,,,,,,,,
,,,,,,,,,,,,,,,,,
.509,.564,.422,.590,.833,.617,.188,.384,111,108,118,112,108,109,72,100,46.9,43.6
.443,.487,.387,.529,.704,.550,.193,.443,96,93,108,100,91,97,74,115,-0.1,-4.5
.450,.492,.358,.507,.763,.530,.158,.318,98,94,100,96,99,94,61,83,-26.0,-43.5
.427,.484,.352,.503,.799,.551,.304,.432,93,92,98,95,103,98,117,113,-47.7,-29.3
.638,.716,.256,.659,.667,.677,.485,.170,139,137,72,125,86,120,186,44,59.8,62.2
.495,.575,.399,.586,.843,.624,.256,.457,108,110,112,111,109,110,98,119,68.5,78.6
.376,.429,.339,.475,.798,.497,.120,.583,82,82,95,90,103,88,46,152,-79.6,-105.9
.000,.000,.000,.000,.833,.377,1.500,.500,,,,,108,67,577,130,-4.2,-2.5
.460,.515,.277,.492,.733,.537,.350,.230,100,98,77,93,95,95,134,60,-74.0,-63.1
.333,.429,.000,.333,1.000,.405,.222,.222,72,82,,63,129,72,85,58,-3.5,-3.2
.385,.428,.332,.459,.802,.500,.227,.451,84,82,93,87,104,89,87,117,-76.9,-78.3
.453,.453,.453,.596,.892,.644,.293,.629,99,86,127,113,115,114,113,164,84.6,112.4
.411,.466,.330,.477,.698,.505,.218,.399,89,89,92,90,90,89,84,104,-25.0,-31.8
.430,.486,.341,.496,.808,.533,.218,.385,94,93,95,94,105,94,84,100,-42.2,-44.7
.421,.498,.356,.517,.703,.542,.222,.539,92,95,99,98,91,96,85,140,-11.9,-25.0
.276,.333,.214,.328,.500,.335,.069,.483,60,64,60,62,65,59,27,126,-11.7,-13.7
.470,.654,.446,.667,.931,.684,.105,.882,102,125,124,126,120,121,40,230,189.4,171.3
.486,.534,.391,.552,.861,.577,.145,.333,106,102,109,104,111,102,56,87,26.9,15.6
.481,.522,.400,.548,.851,.574,.146,.335,105,100,112,104,110,102,56,87,19.8,9.6
.518,.603,.333,.571,.917,.598,.141,.318,113,115,93,108,119,106,54,83,7.1,6.0
,,,,,,,,,,,,,,,,,
,,,,,,,,,,,,,,,,,
.371,.420,.320,.450,.702,.476,.184,.493,81,80,89,85,91,84,71,129,-48.9,-59.5
.338,.391,.284,.408,.579,.423,.140,.493,74,75,79,77,75,75,54,128,-32.8,-41.0
.397,.443,.349,.483,.763,.516,.218,.494,86,85,97,91,99,91,84,129,-16.0,-18.4
.417,.286,.600,.542,,.542,.000,.417,91,55,168,102,,96,,108,.3,-0.6
.742,.742,,.742,.568,.726,.434,.000,161,142,,140,73,129,167,,145.3,131.3
.000,.000,,.000,,.000,.000,.000,,,,,,,,,-1.1,-1.1
.418,.473,.328,.480,.658,.494,.125,.381,91,90,92,91,85,88,48,99,-31.9,-48.8
.490,.535,.306,.520,.871,.555,.185,.195,107,102,86,98,113,98,71,51,-13.4,-15.5
.403,.479,.351,.508,.853,.548,.217,.596,88,92,98,96,110,97,84,155,-35.8,-30.9
.423,.436,.407,.514,.874,.553,.202,.450,92,83,114,97,113,98,78,117,-27.3,-23.2
.415,.439,.361,.471,.863,.535,.327,.312,90,84,101,89,112,95,126,81,-79.9,-46.9
.425,.487,.367,.519,.809,.556,.235,.509,92,93,102,98,105,99,90,133,-16.8,-15.4
.430,.487,.374,.524,.785,.558,.227,.505,93,93,104,99,102,99,87,132,-5.6,-9.8
.412,.485,.345,.502,.873,.553,.261,.521,90,93,97,95,113,98,100,136,-11.2,-5.6
.540,.565,.254,.550,.723,.586,.349,.079,117,108,71,104,94,104,134,21,36.1,42.1
.312,.250,.375,.406,.750,.451,.250,.500,68,48,105,77,97,80,96,130,-3.9,-4.1
.591,.647,.154,.600,.667,.615,.235,.113,129,124,43,113,86,109,90,29,16.4,12.7
.476,.568,.357,.554,.844,.592,.238,.437,103,108,100,105,109,105,91,114,27.0,32.8
.430,.491,.322,.488,.876,.533,.220,.361,93,94,90,92,113,94,84,94,-44.8,-38.5
.380,.516,.311,.484,.667,.502,.163,.663,83,99,87,91,86,89,63,173,-8.3,-12.4
,,,,,,,,,,,,,,,,,
,,,,,,,,,,,,,,,,,
.469,.512,.385,.534,.839,.575,.245,.337,102,98,107,101,109,102,94,88,10.4,21.8
.426,.519,.369,.540,.811,.557,.106,.620,93,99,103,102,105,99,41,161,7.8,-5.7
.407,.595,.278,.489,.375,.487,.088,.593,88,114,78,92,49,86,34,154,-7.2,-14.8
.472,.501,.380,.517,.846,.560,.246,.235,103,96,106,98,110,99,94,61,-25.6,-10.3
.404,.495,.375,.546,.855,.580,.194,.757,88,94,105,103,111,103,75,197,13.5,12.6
.250,.167,.333,.333,.750,.400,.333,.500,54,32,93,63,97,71,128,130,-4.7,-4.5
.328,.419,.242,.391,.571,.403,.109,.516,71,80,68,74,74,71,42,134,-17.7,-21.8
.453,.499,.359,.512,.792,.554,.275,.331,98,95,100,97,102,98,105,86,-36.7,-26.5
.615,.640,.000,.615,.673,.651,.705,.038,134,122,,116,87,115,271,10,13.5,17.6
.580,.583,.286,.581,.621,.602,.461,.011,126,111,80,110,80,107,177,3,67.7,58.2
.399,.448,.332,.469,.826,.502,.172,.422,87,86,93,89,107,89,66,110,-63.9,-72.1
.500,.630,.231,.537,.842,.610,.475,.325,109,120,64,102,109,108,183,85,.7,4.4
.375,.415,.347,.476,.836,.518,.223,.579,82,79,97,90,108,92,86,151,-72.3,-69.8
.341,.357,.296,.379,.509,.399,.251,.256,74,68,83,72,66,71,97,67,-63.2,-77.7
.447,.473,.367,.492,.721,.509,.125,.245,97,90,102,93,93,90,48,64,-50.7,-80.9
.318,.545,.091,.341,1.000,.371,.091,.500,69,104,25,64,129,66,35,130,-8.3,-8.8
.273,.375,.000,.273,.500,.314,.364,.273,59,72,,52,65,56,140,71,-5.6,-6.4
.445,.531,.402,.579,1.000,.598,.084,.665,97,101,112,109,129,106,32,173,38.0,26.7
.430,.454,.391,.503,.793,.551,.312,.373,94,87,109,95,103,98,120,97,-15.0,-8.9
.667,1.000,.000,.667,1.000,.727,.333,.333,145,191,,126,129,129,128,87,.8,1.1
,,,,,,,,,,,,,,,,,
,,,,,,,,,,,,,,,,,
.430,.528,.264,.479,.552,.491,.204,.373,93,101,74,91,71,87,78,97,-14.2,-22.8
.596,.622,.000,.596,.529,.597,.362,.043,129,119,,113,69,106,139,11,6.3,3.5
.500,.500,,.500,.500,.512,.500,.000,109,95,,95,65,91,192,,-0.2,-0.5
.605,.634,.000,.605,.533,.605,.349,.046,131,121,,114,69,107,134,12,6.5,4.0
.450,.479,.403,.527,.811,.567,.255,.383,98,92,113,100,105,100,98,100,-3.7,6.8
.436,.457,.367,.480,.873,.557,.403,.239,95,87,103,91,113,99,155,62,-48.2,-9.2
.448,.473,.379,.498,.868,.578,.444,.269,97,90,106,94,112,102,171,70,-19.7,10.5
.412,.430,.333,.442,.887,.512,.321,.182,90,82,93,84,115,91,123,47,-28.5,-19.7
.378,.473,.329,.486,.805,.513,.148,.658,82,90,92,92,104,91,57,171,-49.8,-65.2
.566,.633,.333,.603,.763,.631,.268,.225,123,121,93,114,99,112,103,59,63.4,63.2
.408,.405,.413,.500,.816,.531,.178,.444,89,77,115,95,106,94,69,116,-24.6,-30.9
.294,.000,.357,.441,.500,.453,.235,.824,64,,100,83,65,80,90,214,-3.0,-4.2
.348,.400,.308,.435,1.000,.485,.174,.565,76,76,86,82,129,86,67,147,-4.3,-4.0
.487,.510,.475,.643,.750,.650,.080,.660,106,97,133,122,97,115,31,172,34.4,26.6
.512,.518,.391,.520,.615,.540,.286,.041,111,99,109,98,80,96,110,11,-9.4,-30.8
.545,.571,.500,.636,.500,.627,.364,.364,119,109,140,120,65,111,140,95,2.4,1.6
.423,.518,.357,.528,.610,.539,.155,.593,92,99,100,100,79,95,59,154,-0.3,-14.7
.357,.432,.338,.492,.724,.513,.159,.797,78,83,94,93,94,91,61,207,-13.5,-20.0
.367,.464,.337,.496,.684,.514,.162,.761,80,89,94,94,89,91,62,198,-7.7,-12.6
.176,.500,.133,.235,.500,.252,.118,.882,38,95,37,44,65,45,45,230,-10.0,-11.2
,,,,,,,,,,,,,,,,,
,,,,,,,,,,,,,,,,,
.396,.286,.415,.573,.875,.602,.167,.854,86,55,116,108,113,107,64,222,4.2,3.8
.460,.525,.348,.524,.600,.529,.079,.365,100,100,97,99,78,94,31,95,-0.6,-4.6
.508,.586,.412,.600,.796,.642,.363,.445,110,112,115,113,103,114,140,116,88.1,111.2
.444,.485,.418,.571,.822,.587,.102,.608,97,93,117,108,106,104,39,158,37.6,20.6
.481,.604,.358,.571,.791,.620,.406,.500,105,115,100,108,102,110,156,130,8.9,13.9
.415,.551,.358,.541,.812,.559,.113,.702,90,105,100,102,105,99,43,183,10.4,-5.0
.465,.654,.176,.500,.826,.584,.535,.395,101,125,49,95,107,103,206,103,-2.5,2.0
.373,.403,.000,.373,.857,.424,.209,.075,81,77,,71,111,75,80,19,-20.9,-20.6
.457,.540,.344,.530,.751,.566,.288,.426,99,103,96,100,97,100,111,111,1.2,2.0
.389,.444,.333,.472,1.000,.503,.111,.500,85,85,93,89,129,89,43,130,-2.0,-2.3
.143,.333,.000,.143,1.000,.254,.286,.571,31,64,,27,129,45,110,149,-5.4,-4.9
.545,.500,.600,.682,,.682,.000,.455,119,95,168,129,,121,,118,3.4,2.6
.585,.617,.352,.606,.740,.631,.271,.123,127,118,98,115,96,112,104,32,114.4,110.0
.409,.510,.336,.506,.750,.511,.034,.578,89,97,94,96,97,91,13,151,-10.7,-25.7
.625,.714,.000,.625,1.000,.676,.250,.125,136,136,,118,129,120,96,33,1.5,2.0
.714,.714,,.714,,.714,.000,.000,155,136,,135,,126,,,2.6,2.1
.000,,.000,.000,1.000,.532,2.000,1.000,,,,,129,94,769,260,-1.1,-0.1
.413,.434,.390,.507,.849,.553,.256,.484,90,83,109,96,110,98,98,126,-33.6,-19.5
.216,.200,.222,.297,,.297,.000,.730,47,38,62,56,,53,,190,-17.1,-19.8
.565,.636,.200,.582,.781,.622,.348,.163,123,121,56,110,101,110,134,42,9.7,12.2
,,,,,,,,,,,,,,,,,
,,,,,,,,,,,,,,,,,
.546,.625,.143,.558,.821,.605,.326,.163,119,119,40,106,106,107,125,42,5.0,8.0
.833,.800,1.000,.917,.500,.838,.667,.167,181,153,279,173,65,148,256,43,4.7,4.2
.477,.531,.339,.525,.784,.549,.162,.280,104,101,95,99,101,97,62,73,-8.6,-34.7
.692,.778,.500,.769,.000,.744,.077,.308,150,148,140,145,,132,30,80,6.3,4.8
.545,.645,.312,.592,.821,.638,.357,.301,118,123,87,112,106,113,137,78,33.7,45.4
.414,.500,.319,.490,.824,.521,.172,.475,90,95,89,93,107,92,66,124,-7.7,-9.3
.385,.222,.471,.538,.000,.529,.038,.654,84,42,131,102,,94,15,170,.5,-1.9
.425,.558,.233,.473,.875,.518,.219,.411,92,107,65,89,113,92,84,107,-8.2,-7.4
.425,.476,.381,.526,.864,.575,.272,.532,92,91,106,100,112,102,105,139,-4.3,20.7
.426,.434,.406,.483,.721,.507,.171,.283,93,83,113,91,93,90,66,74,-32.6,-44.5
.318,.448,.067,.330,.647,.389,.386,.341,69,86,19,62,84,69,149,89,-17.5,-18.1
.462,.533,.417,.590,.778,.617,.231,.615,100,102,116,112,101,109,89,160,4.8,4.5
.472,.533,.429,.597,.778,.626,.250,.583,103,102,120,113,101,111,96,152,4.9,4.9
.333,,.333,.500,,.500,.000,1.000,72,,93,95,,89,,260,-0.2,-0.4
.448,.481,.363,.499,.926,.577,.376,.282,97,92,101,94,120,102,144,73,-21.9,10.6
.536,.575,.403,.581,.819,.610,.205,.227,116,110,112,110,106,108,79,59,104.5,98.6
.455,.507,.374,.528,.647,.547,.231,.391,99,97,104,100,84,97,89,102,-1.0,-22.8
.441,.462,.375,.485,.375,.480,.235,.235,96,88,105,92,49,85,90,61,-3.0,-6.4
.286,.400,.167,.327,1.000,.381,.163,.490,62,76,47,62,129,67,63,128,-19.8,-19.3
.385,.429,.333,.462,.778,.517,.346,.462,84,82,93,87,101,92,133,120,-3.5,-2.8
,,,,,,,,,,,,,,,,,
,,,,,,,,,,,,,,,,,
.000,.000,.000,.000,,.000,.000,.429,,,,,,,,112,-7.4,-7.9
.526,.600,.444,.632,.778,.675,.474,.474,114,115,124,119,101,120,182,123,3.9,5.1
.294,.333,.200,.324,.500,.336,.118,.294,64,64,56,61,65,59,45,77,-7.0,-8.2
.471,.514,.258,.493,.763,.536,.297,.166,102,98,72,93,99,95,114,43,-91.9,-82.7
.394,.430,.354,.478,.791,.506,.163,.475,86,82,99,90,102,90,63,124,-80.7,-99.6
.458,.518,.366,.530,.853,.593,.382,.391,100,99,102,100,110,105,147,102,1.2,36.7
.621,.622,.571,.624,.686,.644,.341,.010,135,119,160,118,89,114,131,3,133.5,128.4
.447,.506,.332,.504,.709,.536,.274,.342,97,97,93,95,92,95,105,89,-49.4,-62.8
.444,.505,.331,.502,.720,.535,.262,.348,97,96,92,95,93,95,101,91,-42.5,-53.1
.457,.512,.339,.511,.672,.542,.325,.314,99,98,95,97,87,96,125,82,-6.8,-9.6
.412,.548,.250,.469,.722,.505,.256,.455,90,105,70,89,93,89,98,118,-25.2,-28.1
.559,.594,.000,.559,.538,.567,.382,.059,121,113,,106,70,100,147,15,2.0,.1
.347,.520,.258,.432,.346,.429,.177,.660,75,99,72,82,45,76,68,172,-28.5,-42.9
.418,.451,.352,.477,.861,.546,.362,.337,91,86,98,90,111,97,139,88,-97.0,-40.6
.446,.568,.359,.551,.860,.587,.213,.584,97,108,100,104,111,104,82,152,11.6,13.1
.448,.538,.376,.552,.860,.593,.238,.557,97,103,105,104,111,105,92,145,9.9,13.0
.439,.722,.308,.544,.857,.566,.123,.684,95,138,86,103,111,100,47,178,1.7,.1
.312,.333,.286,.375,1.000,.415,.125,.438,68,64,80,71,129,73,48,114,-4.9,-5.1
.727,.727,,.727,.647,.728,.386,.000,158,139,,138,84,129,149,,34.9,33.7
.583,.590,.429,.592,.640,.616,.494,.039,127,113,120,112,83,109,190,10,45.2,44.9
,,,,,,,,,,,,,,,,,
,,,,,,,,,,,,,,,,,
.394,.576,.247,.462,.611,.475,.136,.553,86,110,69,87,79,84,52,144,-17.6,-25.0
.388,.431,.222,.411,.667,.440,.209,.209,84,82,62,78,86,78,80,54,-30.4,-35.1
.567,.636,.386,.620,.744,.659,.476,.276,123,121,108,117,96,117,183,72,92.7,116.0
.462,.503,.370,.519,.770,.554,.243,.309,100,96,103,98,100,98,94,80,-7.7,-9.9
.350,.500,.200,.400,.750,.437,.200,.500,76,95,56,76,97,77,77,130,-5.2,-5.6
.448,.501,.356,.513,.583,.521,.120,.369,97,96,99,97,75,92,46,96,-18.7,-55.6
.437,.501,.361,.519,.861,.595,.448,.455,95,96,101,98,111,105,172,118,-24.0,89.5
.524,.577,.240,.543,.682,.576,.374,.157,114,110,67,103,88,102,144,41,13.4,12.0
.250,.250,,.250,,.250,.000,.000,54,48,,47,,44,,,-2.2,-2.5
.569,.569,,.569,.737,.597,.264,.000,124,109,,108,95,106,101,,5.8,5.2
.613,.616,.000,.613,.747,.651,.431,.005,133,118,,116,97,115,166,1,64.8,78.7